cell_id,file,n_cycles_total,n_charge,n_discharge,n_impedance,ambient_C,date_start,date_end,capacity_first_Ah,capacity_last_Ah,retention_pct,cycles_to_80,n_samples_median
B0005,B0005.mat,616,170,168,278,24,2008-04-02,2008-05-28,1.8565,1.3251,71.4,101.0,314
B0006,B0006.mat,616,170,168,278,24,2008-04-02,2008-05-28,2.0353,1.1857,58.3,61.0,314
B0007,B0007.mat,616,170,168,278,24,2008-04-02,2008-05-28,1.8911,1.4325,75.7,124.0,314
B0018,B0018.mat,319,134,132,53,24,2008-07-07,2008-08-20,1.855,1.3411,72.3,75.0,258
B0025,B0025.mat,80,31,28,21,24,2009-02-13,2009-03-19,1.847,1.7678,95.7,,583
B0026,B0026.mat,80,31,28,21,24,2009-02-13,2009-03-19,1.8133,1.7688,97.5,6.0,583
B0027,B0027.mat,80,31,28,21,24,2009-02-13,2009-03-19,1.8233,1.7701,97.1,,583
B0028,B0028.mat,80,31,28,21,24,2009-02-13,2009-03-19,1.8047,1.7172,95.2,,583
B0029,B0029.mat,97,40,40,17,43,2009-04-07,2009-04-18,1.6975,1.6121,95.0,,158
B0030,B0030.mat,97,40,40,17,43,2009-04-07,2009-04-18,1.6561,1.5628,94.4,,158
B0031,B0031.mat,97,40,40,17,43,2009-04-07,2009-04-18,1.6667,1.6673,100.0,,158
B0032,B0032.mat,97,40,40,17,43,2009-04-07,2009-04-18,1.7049,1.6358,95.9,,158
B0033,B0033.mat,486,197,197,92,24,2009-06-19,2009-08-25,0.0684,1.3153,1922.2,,229
B0034,B0034.mat,486,197,197,92,24,2009-06-19,2009-08-25,0.7459,1.2803,171.6,,229
B0036,B0036.mat,486,197,197,92,24,2009-06-19,2009-08-25,1.002,1.5591,155.6,,229
B0038,B0038.mat,122,47,47,28,24/44,2010-04-14,2010-05-04,0.8981,1.5301,170.4,,587
B0039,B0039.mat,122,47,47,28,24/44,2010-04-14,2010-05-04,0.119,1.3153,1105.0,,587
B0040,B0040.mat,122,47,47,28,24/44,2010-04-14,2010-05-04,0.6735,0.557,82.7,46.0,587
B0041,B0041.mat,163,67,67,29,4/24,2010-06-16,2010-06-30,0.0556,0.8365,1503.9,6.0,88
B0042,B0042.mat,275,113,112,50,4/22/24,2010-06-03,2010-06-30,1.7287,1.3375,77.4,6.0,270
B0043,B0043.mat,275,113,112,50,4/22/24,2010-06-03,2010-06-30,1.7138,1.2768,74.5,6.0,270
B0044,B0044.mat,275,113,112,50,4/22/24,2010-06-03,2010-06-30,1.6865,1.2486,74.0,6.0,270
B0045,B0045.mat,184,72,72,40,4/24,2010-07-21,2010-08-17,1.082,0.6069,56.1,4.0,336
B0046,B0046.mat,184,72,72,40,4/24,2010-07-21,2010-08-17,1.7282,1.1538,66.8,18.0,336
B0047,B0047.mat,184,72,72,40,4/24,2010-07-21,2010-08-17,1.6743,1.1567,69.1,18.0,336
B0048,B0048.mat,184,72,72,40,4/24,2010-07-21,2010-08-17,1.658,1.2231,73.8,20.0,336
B0049,B0049.mat,62,25,25,12,4/24,2010-08-23,2010-08-29,0.8584,0.6914,80.5,17.0,193
B0050,B0050.mat,62,25,25,12,4/24,2010-08-23,2010-08-29,0.8631,0.2781,32.2,5.0,193
B0051,B0051.mat,62,25,25,12,4/24,2010-08-23,2010-08-29,0.6435,0.6778,105.3,17.0,193
B0052,B0052.mat,62,25,25,12,4/24,2010-08-23,2010-08-29,0.8607,1.3516,157.0,,193
B0053,B0053.mat,137,55,56,26,4/24,2010-09-17,2010-09-30,1.0691,,0.0,56.0,199
B0054,B0054.mat,253,102,103,48,4/24,2010-09-03,2010-09-30,0.7399,,0.0,103.0,219
B0055,B0055.mat,252,102,102,48,4/24,2010-09-03,2010-09-30,0.799,0.9908,124.0,,219
B0056,B0056.mat,252,102,102,48,4/24,2010-09-03,2010-09-30,0.7853,1.1291,143.8,,219
