cell_id,batch,cell_index,policy,policy_raw,cycle_life,n_cycles_raw,n_cycles,n_dropped_leading,first_cycle,last_cycle,q_first,q_max,cycle_at_q_max,q_last,retention_pct,cycles_to_eol_measured,eol_method,reaches_eol,ir_first,ir_last,ir_growth_pct,chargetime_mean,tavg_mean,tmax_max,cycle_life_delta
b1c0,b1,0,3.6C(80%)-3.6C,3_6C-80PER_3_6C,1190.0,1189,1188,1,2.0,1189.0,1.0706892,1.5390544,12.0,1.0262098,95.84572254955033,,not_reached,False,0.016742354,0.017089102,2.071082716325301,13.419938099046014,31.982149418567634,38.928616,
b1c1,b1,1,3.6C(80%)-3.6C,3_6C-80PER_3_6C,1179.0,1178,1177,1,2.0,1178.0,1.0753012,1.0845895,12.0,1.0382246,96.55198004056909,,not_reached,False,0.017038831,0.017362781,1.9012454551606162,13.381404755026898,31.57601786389218,37.484043,
b1c2,b1,2,3.6C(80%)-3.6C,3_6C-80PER_3_6C,1177.0,1176,1175,1,2.0,1176.0,1.0799223,1.0880535,12.0,1.0432786,96.60682069441478,,not_reached,False,0.01686798,0.017273104,2.401733936132233,13.378729954609941,31.78154877393579,38.069508,
b1c3,b1,3,4C(80%)-4C,4C-80PER_4C,1226.0,1225,1224,1,2.0,1225.0,1.0797229,1.086253,68.0,0.97092122,89.92318492087183,,not_reached,False,0.016369704,0.017056959,4.198334924076819,12.289285412581698,30.197879866963852,35.881531,
b1c4,b1,4,4C(80%)-4C,4C-80PER_4C,1227.0,1226,1225,1,2.0,1226.0,1.0784167,1.0843166,68.0,1.0219597,94.76482513670273,,not_reached,False,0.016787428,0.017072922,1.7006416944870928,12.05148568435372,31.999650815532203,38.572598,
b1c5,b1,5,4.4C(80%)-4.4C,4_4C-80PER_4_4C,1074.0,1073,1072,1,2.0,1073.0,1.0761266,1.0820704,70.0,0.88053626,81.8245975891684,1074.0,dataset_field,True,0.016437579,0.019527299,18.796685326957217,11.595965646766194,32.060175210081624,38.37043,0.0
b1c6,b1,6,4.8C(80%)-4.8C,4_8C-80PER_4_8C,636.0,635,634,1,2.0,635.0,1.0758358,1.082139,28.0,0.8800565,81.80212073255046,636.0,dataset_field,True,0.017001977,0.020405112,20.01611342022165,10.507511303890634,33.10655285458585,40.598866,0.0
b1c7,b1,7,4.8C(80%)-4.8C,4_8C-80PER_4_8C,870.0,869,868,1,2.0,869.0,1.0938644,1.0979686,28.0,0.88110596,80.54983414763292,870.0,dataset_field,True,0.016311171,0.01994177,22.25835901052109,10.48992162634408,32.89594742534312,40.471302,0.0
b1c8,b1,8,5.4C(40%)-3.6C,5_4C-40PER_3_6C,879.0,878,877,1,2.0,878.0,1.0899748,1.0959139,55.0,0.96902454,88.90338932606515,,not_reached,False,0.016807221,0.017865701,6.2977692742899105,11.259134106803483,32.7190785391737,38.40337,
b1c9,b1,9,5.4C(40%)-3.6C,5_4C-40PER_3_6C,1054.0,1053,1052,1,2.0,1053.0,1.0829742,1.0889499,55.0,0.8809284,81.34343366628678,1054.0,dataset_field,True,0.016978227,0.020326806,19.722783774772257,11.442249429657798,33.38846723675536,40.492382,0.0
b1c10,b1,10,5.4C(50%)-3C,5_4C-50PER_3C,906.0,905,904,1,2.0,905.0,1.0752757,1.0849713,12.0,0.96101874,89.37417073593312,,not_reached,False,0.016592897,0.017582271,5.962635698877672,11.686323691002936,34.071069223853996,41.307274,
b1c11,b1,11,5.4C(50%)-3C,5_4C-50PER_3C,788.0,787,786,1,2.0,787.0,1.0537786,1.063239,12.0,0.88054359,83.56058758452677,788.0,dataset_field,True,0.016575078,0.019324414,16.587167794926817,11.858436600933011,33.656661084848274,41.479763,0.0
b1c12,b1,12,5.4C(50%)-3.6C,5_4C-50PER_3_6C,902.0,901,900,1,2.0,901.0,1.077566,1.0833936,56.0,0.91311944,84.739073059098,,not_reached,False,0.016551878,0.017814051,7.625557655753634,10.734712933333334,34.47850157091262,42.208515,
b1c13,b1,13,5.4C(50%)-3.6C,5_4C-50PER_3_6C,897.0,896,895,1,2.0,896.0,1.0797893,1.0857729,56.0,0.92313582,85.4922177873035,,not_reached,False,0.017159661,0.018199284,6.0585287786279585,10.729962581005596,33.136901795856176,39.469055,
b1c14,b1,14,5.4C(60%)-3C,5_4C-60PER_3C,880.0,879,878,1,2.0,879.0,1.0709661,1.0778438,70.0,0.8800649,82.1748606235062,880.0,dataset_field,True,0.017121186,0.020001983,16.825919652996003,11.554865590356867,33.410010619693296,41.579632,0.0
b1c15,b1,15,5.4C(60%)-3C,5_4C-60PER_3C,719.0,718,717,1,2.0,718.0,1.0611236,1.0693387,70.0,0.88298881,83.21262574878176,719.0,dataset_field,True,0.017168047,0.020166937,17.467857584499868,11.650982898651773,34.19860275220366,42.38578,0.0
b1c16,b1,16,5.4C(60%)-3.6C,5_4C-60PER_3_6C,862.0,861,860,1,2.0,861.0,1.0811664,1.0885919,71.0,0.88096577,81.48290309428779,862.0,dataset_field,True,0.01683085,0.019989252,18.765552541909635,10.375377670542639,33.69008337003255,41.539963,0.0
b1c17,b1,17,5.4C(60%)-3.6C,5_4C-60PER_3_6C,857.0,856,855,1,2.0,856.0,1.072052,1.0792258,56.0,0.8832469,82.38843824739844,857.0,dataset_field,True,0.016778639,0.019267954,14.836215261559648,10.374517204678355,33.45118510423656,41.198109,0.0
b1c18,b1,18,5.4C(70%)-3C,5_4C-70PER_3C,691.0,690,689,1,2.0,690.0,1.0661705,2.8840845,40.0,0.88114411,82.64570347800846,691.0,dataset_field,True,0.019886132,0.019790482,-0.4809884596964298,10.705843195452351,33.12669783411267,39.733044,0.0
b1c19,b1,19,5.4C(70%)-3C,5_4C-70PER_3C,788.0,787,786,1,2.0,787.0,1.0851147,1.0893054,57.0,0.88093972,81.18401861112008,788.0,dataset_field,True,0.016449727,0.01997688,21.44201542068145,10.799819414758266,33.96006412460772,41.897102,0.0
b1c20,b1,20,5.4C(80%)-5.4C,5_4C-80PER_5_4C,534.0,533,532,1,2.0,533.0,1.07263,1.0757242,10.0,0.88078493,82.11451572303591,534.0,dataset_field,True,0.015740737,0.019431001,23.444035689053177,9.77991325814536,33.110705010438906,39.196651,0.0
b1c21,b1,21,5.4C(80%)-5.4C,5_4C-80PER_5_4C,559.0,558,557,1,2.0,558.0,1.0824388,1.0859262,12.0,0.88016534,81.31317354847221,559.0,dataset_field,True,0.015348774,0.020075632,30.796322885463034,9.6167481358468,34.18029920760372,42.364117,0.0
b1c22,b1,22,6C(30%)-3.6C,6C-30PER_3_6C,891.0,890,889,1,2.0,890.0,1.0793039,1.0843072,53.0,0.96327895,89.25002031401907,,not_reached,False,0.016732994,0.017327495,3.552866868893867,11.479147770903623,34.07991726072247,41.77565,
b1c23,b1,23,6C(30%)-3.6C,6C-30PER_3_6C,1014.0,1013,1012,1,2.0,1013.0,1.0792934,1.0837864,53.0,0.88066453,81.59639723545052,1014.0,dataset_field,True,0.016937815,0.020628631,21.79039031894021,11.669389657444004,33.11292753415896,39.723873,0.0
b1c24,b1,24,6C(40%)-3C,6C-40PER_3C,1017.0,1016,1015,1,2.0,1016.0,1.0745355,1.079075,54.0,0.88046598,81.93921745721755,1017.0,dataset_field,True,0.016687831,0.020974815,25.689282208095232,12.619731374384255,34.38822917959871,41.223072,0.0
b1c25,b1,25,6C(40%)-3C,6C-40PER_3C,854.0,853,852,1,2.0,853.0,1.0752345,1.0799131,54.0,0.88019997,81.8612098105111,854.0,dataset_field,True,0.016699277,0.020715622,24.051011310250136,12.371651085680764,35.11029325858374,43.419384,0.0
b1c26,b1,26,6C(40%)-3.6C,6C-40PER_3_6C,870.0,869,868,1,2.0,869.0,1.0876514,1.0915462,38.0,0.88105017,81.00483022409571,870.0,dataset_field,True,0.016376387,0.019905472,21.549838801440146,11.033818438940099,34.1778023986305,41.141823,0.0
b1c27,b1,27,6C(40%)-3.6C,6C-40PER_3_6C,842.0,841,840,1,2.0,841.0,1.0790461,1.0829995,55.0,0.88130057,81.67404247140135,842.0,dataset_field,True,0.016174601,0.01945116,20.2574332436392,11.013724291666684,35.112486658563824,42.863762,0.0
b1c28,b1,28,6C(50%)-3C,6C-50PER_3C,860.0,859,858,1,2.0,859.0,1.0777475,1.0815945,54.0,0.88058227,81.70580493111791,860.0,dataset_field,True,0.016742077,0.020516343,22.54359480009558,11.485353795648791,35.112883889508275,42.737,0.0
b1c29,b1,29,6C(50%)-3C,6C-50PER_3C,917.0,916,915,1,2.0,916.0,1.0794537,1.0838029,55.0,0.88035375,81.55548959626523,917.0,dataset_field,True,0.016626336,0.019890221,19.630813427564565,11.438478663023673,33.80998842326897,40.052227,0.0
b1c30,b1,30,6C(50%)-3.6C,6C-50PER_3_6C,709.0,708,707,1,2.0,708.0,1.0798637,1.0838182,21.0,0.88054287,81.5420381294417,709.0,dataset_field,True,0.016072329,0.019949319,24.122141850132618,10.434776494578024,34.61140153528877,41.632507,0.0
b1c31,b1,31,6C(50%)-3.6C,6C-50PER_3_6C,876.0,875,874,1,2.0,875.0,1.0946392,1.0983334,21.0,0.88099223,80.48243019252372,876.0,dataset_field,True,0.016952254,0.020960193,23.642513850960455,10.427350503432491,30.976902331311887,34.404381,0.0
b1c32,b1,32,6C(60%)-3C,6C-60PER_3C,731.0,730,729,1,2.0,730.0,1.0778366,1.0816567,55.0,0.88080907,81.7200928229752,731.0,dataset_field,True,0.016239462,0.020207183,24.432588961383072,10.751449652491997,34.0780715549382,40.844322,0.0
b1c33,b1,33,6C(60%)-3C,6C-60PER_3C,757.0,756,755,1,2.0,756.0,1.0924908,1.0968262,55.0,0.88011229,80.5601557468493,757.0,dataset_field,True,0.016591828,0.019561596,17.89898014854061,10.82703081015453,34.87785403653611,42.991768,0.0
b1c34,b1,34,7C(30%)-3.6C,7C-30PER_3_6C,742.0,741,740,1,2.0,741.0,1.0766174,1.0814824,55.0,0.88205445,81.92831083725751,742.0,dataset_field,True,0.0169825,0.019491224,14.772406889445012,11.321484301801807,33.75354927298386,40.927204,0.0
b1c35,b1,35,7C(30%)-3.6C,7C-30PER_3_6C,703.0,702,701,1,2.0,702.0,1.0707464,1.0758256,55.0,0.8802399,82.20806532714002,703.0,dataset_field,True,0.017059039,0.020759668,21.693068407897997,11.454374719448406,33.152122462500564,39.929806,0.0
b1c36,b1,36,7C(40%)-3C,7C-40PER_3C,704.0,703,702,1,2.0,703.0,1.0778315,1.0823593,54.0,0.88231802,81.86047819162827,704.0,dataset_field,True,0.016480684,0.020198658,22.55958551234889,12.032767440645781,32.91876140641185,38.340904,0.0
b1c37,b1,37,7C(40%)-3C,7C-40PER_3C,648.0,647,646,1,2.0,647.0,1.0748194,1.0792918,54.0,0.88336319,82.18712743740949,648.0,dataset_field,True,0.016607935,0.020422969,22.971152042683208,12.011764148606819,34.009608394178166,40.97451,0.0
b1c38,b1,38,7C(40%)-3.6C,7C-40PER_3_6C,617.0,616,615,1,2.0,616.0,1.0729513,1.0765978,21.0,0.88110942,82.1201689209939,617.0,dataset_field,True,0.016260354,0.020129407,23.79439586616625,10.680493582655833,34.96153822370419,42.55912,0.0
b1c39,b1,39,7C(40%)-3.6C,7C-40PER_3_6C,625.0,624,623,1,2.0,624.0,1.0817773,1.0864667,55.0,0.88011074,81.35784879198334,625.0,dataset_field,True,0.016743599,0.020605449,23.064635028586157,10.809719082397008,34.63778084298122,42.671803,0.0
b1c40,b1,40,8C(15%)-3.6C,8C-15PER_3_6C,966.0,965,964,1,2.0,965.0,1.0833029,1.0878062,53.0,0.88060951,81.28931529676511,966.0,dataset_field,True,0.016756468,0.02056336,22.71894053090424,12.320538381742727,34.38696467546351,42.527355,0.0
b1c41,b1,41,8C(15%)-3.6C,8C-15PER_3_6C,1051.0,1050,1049,1,2.0,1050.0,1.0789614,1.0838689,53.0,0.88106161,81.65830677538602,1051.0,dataset_field,True,0.016856873,0.021024555,24.72393308058973,12.584107470606918,33.89742347254782,41.268238,0.0
b1c42,b1,42,8C(25%)-3.6C,8C-25PER_3_6C,702.0,701,700,1,2.0,701.0,1.0798725,1.084832,54.0,0.88035142,81.5236446895351,702.0,dataset_field,True,0.0167679,0.020310551,21.127577096714557,11.713825638095244,34.80433180356151,43.066917,0.0
b1c43,b1,43,8C(25%)-3.6C,8C-25PER_3_6C,651.0,650,649,1,2.0,650.0,1.0682389,1.071671,17.0,0.88044435,82.42017305305019,651.0,dataset_field,True,0.016111452,0.019648364,21.95278240595573,11.604179658448894,34.52692865221843,42.016243,0.0
b1c44,b1,44,8C(35%)-3.6C,8C-35PER_3_6C,616.0,615,614,1,2.0,615.0,1.0847682,1.0883306,12.0,0.88048309,81.16785595300452,616.0,dataset_field,True,0.017436398,0.020866245,19.67061660326863,11.48942802117265,33.570966487904116,40.76767,0.0
b1c45,b1,45,8C(35%)-3.6C,8C-35PER_3_6C,599.0,598,597,1,2.0,598.0,1.0839558,1.0884383,55.0,0.88104212,81.28026253469007,599.0,dataset_field,True,0.016685704,0.020511681,22.929670812810787,11.277119676158563,34.26029027089943,42.076569,0.0
