variant,qid,rr,recall@5,recall@10
dense,R02,0.3333333333333333,0.25,0.75
dense,R03,0.5,0.4,0.6
dense,R04,1.0,0.42857142857142855,0.7142857142857143
dense,R05,1.0,0.6666666666666666,0.6666666666666666
dense,R06,1.0,0.5,0.5
dense,R07,1.0,0.6,0.8
dense,R08,0.0,0.0,0.0
dense,R09,0.5,0.4,0.6
dense,R10,0.5,0.25,0.5
dense,R11,1.0,0.5,0.75
dense,R12,1.0,0.6666666666666666,1.0
dense,R13,0.14285714285714285,0.0,1.0
dense,R14,0.5,1.0,1.0
dense,R16,0.0,0.0,0.0
dense,R17,1.0,0.25,0.75
dense,R18,1.0,0.8,1.0
dense,R19,0.5,0.3333333333333333,0.6666666666666666
dense,R20,0.25,0.6666666666666666,0.6666666666666666
dense,R01,1.0,0.3333333333333333,0.5
bm25,R02,0.5,0.5,0.75
bm25,R03,1.0,0.4,0.6
bm25,R04,0.14285714285714285,0.0,0.14285714285714285
bm25,R05,1.0,0.6666666666666666,0.6666666666666666
bm25,R06,0.3333333333333333,0.3333333333333333,0.6666666666666666
bm25,R07,0.125,0.0,0.2
bm25,R08,0.5,1.0,1.0
bm25,R09,1.0,0.8,0.8
bm25,R10,1.0,0.75,0.75
bm25,R11,0.16666666666666666,0.0,0.25
bm25,R12,1.0,0.8333333333333334,1.0
bm25,R13,0.5,1.0,1.0
bm25,R14,0.3333333333333333,0.5,0.5
bm25,R16,0.16666666666666666,0.0,1.0
bm25,R17,0.3333333333333333,0.5,0.5
bm25,R18,1.0,0.6,0.8
bm25,R19,0.1,0.0,0.3333333333333333
bm25,R20,1.0,0.3333333333333333,0.6666666666666666
bm25,R01,1.0,0.5,0.8333333333333334
hybrid,R02,1.0,0.5,0.5
hybrid,R03,0.3333333333333333,0.2,0.6
hybrid,R04,0.5,0.42857142857142855,0.5714285714285714
hybrid,R05,1.0,0.3333333333333333,0.6666666666666666
hybrid,R06,0.3333333333333333,0.3333333333333333,0.8333333333333334
hybrid,R07,0.3333333333333333,0.2,0.4
hybrid,R08,0.5,0.5,0.5
hybrid,R09,0.5,0.6,1.0
hybrid,R10,0.5,0.75,0.75
hybrid,R11,0.3333333333333333,0.25,0.25
hybrid,R12,1.0,0.8333333333333334,0.8333333333333334
hybrid,R13,0.5,1.0,1.0
hybrid,R14,0.5,0.5,1.0
hybrid,R16,0.2,1.0,1.0
hybrid,R17,0.16666666666666666,0.0,0.75
hybrid,R18,1.0,0.8,0.8
hybrid,R19,0.2,0.3333333333333333,0.3333333333333333
hybrid,R20,1.0,0.3333333333333333,0.6666666666666666
hybrid,R01,1.0,0.3333333333333333,0.8333333333333334
hybrid_rerank,R02,0.5,0.5,0.5
hybrid_rerank,R03,1.0,0.6,0.8
hybrid_rerank,R04,1.0,0.14285714285714285,0.5714285714285714
hybrid_rerank,R05,1.0,0.6666666666666666,0.6666666666666666
hybrid_rerank,R06,0.3333333333333333,0.6666666666666666,0.8333333333333334
hybrid_rerank,R07,1.0,0.2,0.6
hybrid_rerank,R08,0.3333333333333333,1.0,1.0
hybrid_rerank,R09,1.0,0.6,1.0
hybrid_rerank,R10,1.0,0.75,0.75
hybrid_rerank,R11,0.5,0.25,0.75
hybrid_rerank,R12,1.0,0.8333333333333334,1.0
hybrid_rerank,R13,0.16666666666666666,0.0,0.6666666666666666
hybrid_rerank,R14,0.2,0.5,0.5
hybrid_rerank,R16,0.16666666666666666,0.0,1.0
hybrid_rerank,R17,0.5,0.75,0.75
hybrid_rerank,R18,1.0,0.6,1.0
hybrid_rerank,R19,0.25,0.6666666666666666,0.6666666666666666
hybrid_rerank,R20,1.0,0.6666666666666666,1.0
hybrid_rerank,R01,1.0,0.5,1.0
